chain,residue_num,residue_name,SASA,RASA,EXP_HSE_B_U,EXP_HSE_B_D,EXP_HSE_A_U,EXP_HSE_A_D,hydrophobicity,mean_IP,max_IP,min_IP,mean_dpx,CA_x,CA_y,CA_z,secondary_structure,phi,psi
H,1,GLU,165.34,96.391,1,9,,,-3.5,0.979,0.457,1.638,1.5,281.224,266.272,229.532,L,360.0,79.7
H,2,VAL,36.4,24.374,10,8,11.0,7.0,4.2,-0.046,-0.248,0.263,1.893,279.915,265.456,233.008,L,-127.7,130.1
H,3,GLN,96.63,54.29,4,18,1.0,21.0,-3.5,0.167,-0.25,1.265,1.856,282.029,263.702,235.641,E,-123.4,129.4
H,4,LEU,13.22,7.432,17,12,21.0,8.0,3.8,-0.37,-0.457,-0.135,2.363,280.773,262.119,238.859,E,-131.0,143.0
H,5,VAL,83.66,56.02,6,21,2.0,25.0,4.2,-0.04,-0.286,0.302,1.818,282.844,260.235,241.433,E,-134.2,104.0
H,6,GLU,17.77,10.36,19,13,22.0,10.0,-3.5,-0.331,-0.449,-0.074,2.468,281.263,257.966,244.028,E,-78.5,146.4
H,7,SER,43.22,37.485,8,19,4.0,23.0,-0.8,-0.108,-0.312,0.171,1.919,283.448,257.094,246.995,E,-161.4,169.9
H,8,GLY,45.37,56.332,16,11,9.0,18.0,-0.4,-0.044,-0.139,0.133,1.478,283.303,255.928,250.586,L,88.3,-3.6
H,9,GLY,31.92,39.632,15,14,21.0,8.0,-0.4,-0.166,-0.294,0.08,1.804,281.787,252.559,249.742,L,-67.6,153.1
H,10,GLY,26.33,32.692,10,15,2.0,23.0,-0.4,-0.093,-0.239,0.085,1.753,282.863,249.561,251.74,L,-178.5,-160.6
H,11,VAL,104.41,69.914,2,23,9.0,16.0,4.2,0.081,-0.149,0.389,1.663,281.776,246.721,253.996,E,-124.2,141.8
H,12,VAL,37.96,25.419,17,8,12.0,13.0,4.2,-0.198,-0.349,0.002,1.947,280.472,246.958,257.557,E,-155.3,162.5
H,13,GLN,96.01,53.941,2,19,1.0,20.0,-3.5,0.257,-0.198,1.194,1.769,278.418,244.991,260.049,L,-73.4,155.0
H,14,PRO,55.6,41.561,5,16,11.0,10.0,-1.6,-0.048,-0.234,0.139,1.842,274.636,245.482,260.15,T,-60.4,149.1
H,15,GLY,51.34,63.745,1,18,3.0,16.0,-0.4,-0.062,-0.205,0.074,1.541,273.365,248.326,262.296,T,86.0,-4.0
H,16,ARG,144.77,62.13,11,12,6.0,17.0,-4.0,0.234,-0.222,1.742,1.698,276.409,250.532,261.692,L,-90.1,-170.8
H,17,SER,60.84,52.767,7,19,8.0,18.0,-0.8,-0.082,-0.253,0.212,1.766,276.656,253.766,259.688,L,-129.0,150.4
H,18,LEU,30.18,16.967,19,13,19.0,13.0,3.8,-0.314,-0.435,-0.18,2.104,278.419,254.707,256.46,E,-142.2,146.7
H,19,ARG,141.44,60.701,4,24,6.0,22.0,-4.0,-0.048,-0.321,0.766,1.624,279.089,257.943,254.576,E,-115.7,131.8
H,20,LEU,0.0,0.0,21,12,19.0,14.0,3.8,-0.419,-0.512,-0.33,3.78,279.272,258.091,250.778,E,-119.4,145.7
H,21,SER,30.57,26.513,8,24,6.0,26.0,-0.8,-0.286,-0.365,-0.132,1.97,280.656,260.93,248.649,E,-123.5,132.4
H,22,CYS,2.57,1.955,25,14,21.0,18.0,2.5,-0.441,-0.493,-0.383,3.292,279.804,262.011,245.102,E,-118.6,124.6
H,23,ALA,39.39,36.731,5,30,4.0,31.0,1.8,-0.224,-0.308,-0.07,1.854,282.097,264.621,243.557,E,-102.5,126.5
H,24,ALA,12.64,11.787,20,14,22.0,12.0,1.8,-0.34,-0.449,-0.106,2.593,280.622,266.871,240.87,E,-96.2,147.6
H,25,SER,48.31,41.899,8,13,3.0,18.0,-0.8,0.011,-0.237,0.226,2.086,282.54,268.361,237.97,E,-154.8,152.0
H,26,ALA,77.99,72.725,5,8,1.0,12.0,1.8,0.254,0.08,0.499,1.598,281.931,270.188,234.694,S,65.7,21.3
H,27,PHE,35.04,17.439,13,7,10.0,10.0,2.8,-0.276,-0.487,0.037,2.983,278.49,271.405,235.789,S,-163.6,163.7
H,28,THR,75.12,54.997,6,18,3.0,21.0,-0.7,0.065,-0.231,0.579,1.763,276.758,273.603,238.358,L,-77.8,99.2
H,29,PHE,0.85,0.423,17,16,23.0,10.0,2.8,-0.427,-0.534,-0.234,3.824,276.232,271.277,241.302,G,-64.9,-24.6
H,30,SER,44.39,38.5,4,22,11.0,15.0,-0.8,-0.15,-0.296,0.164,1.698,274.405,274.117,243.067,G,-77.6,-21.8
H,31,SER,58.76,50.963,2,21,2.0,21.0,-0.8,-0.059,-0.183,0.191,1.731,271.635,274.61,240.48,G,-106.8,17.6
H,32,TYR,67.56,31.687,18,13,14.0,17.0,-1.3,-0.271,-0.443,0.184,2.229,270.31,271.05,240.225,S,-143.6,151.0
H,33,ASP,5.36,3.721,21,20,19.0,22.0,-3.5,-0.477,-0.501,-0.443,2.67,268.779,268.498,242.555,L,-80.5,163.7
H,34,MET,0.85,0.455,26,25,28.0,23.0,1.9,-0.525,-0.544,-0.51,7.06,270.434,265.142,243.264,E,-129.2,141.2
H,35,HIS,0.0,0.0,19,25,19.0,25.0,-3.2,-0.505,-0.523,-0.474,8.148,269.108,261.583,243.525,E,-118.4,152.0
H,36,TRP,0.0,0.0,25,20,23.0,22.0,-0.9,-0.526,-0.543,-0.497,7.581,270.659,258.437,244.985,E,-113.2,126.2
H,37,VAL,0.0,0.0,21,17,17.0,21.0,4.2,-0.489,-0.516,-0.46,6.804,269.99,255.15,243.169,E,-122.7,130.3
H,38,ARG,8.13,3.489,13,25,17.0,21.0,-4.0,-0.416,-0.482,-0.234,2.64,271.025,251.721,244.466,E,-117.8,144.5
H,39,GLN,17.4,9.776,14,17,13.0,18.0,-3.5,-0.342,-0.418,-0.228,2.136,271.043,248.466,242.487,E,-134.8,112.7
H,40,ALA,22.67,21.14,7,16,10.0,13.0,1.8,-0.117,-0.237,0.027,1.755,271.351,245.129,244.252,L,-69.8,157.6
H,41,PRO,96.6,72.208,7,12,7.0,12.0,-1.6,0.204,-0.16,0.781,1.608,273.541,242.389,242.741,T,-59.9,120.5
H,42,GLY,97.82,121.455,1,13,3.0,11.0,-0.4,0.605,0.345,1.194,1.472,271.661,240.841,239.842,T,85.5,-16.2
H,43,LYS,171.63,87.504,10,8,3.0,15.0,-3.9,0.613,-0.04,2.532,1.571,268.588,243.027,240.363,S,-91.6,-168.8
H,44,GLY,19.98,24.808,15,16,17.0,14.0,-0.4,-0.192,-0.284,-0.017,1.573,267.66,246.353,238.773,L,-106.2,-157.6
H,45,LEU,14.78,8.309,19,13,17.0,15.0,3.8,-0.402,-0.464,-0.301,3.406,267.47,249.933,239.955,E,-78.2,155.6
H,46,GLU,67.14,39.142,16,17,13.0,20.0,-3.5,-0.323,-0.429,-0.166,1.99,265.957,251.138,243.231,E,-147.6,118.2
H,47,TRP,7.91,3.294,21,17,19.0,19.0,-0.9,-0.445,-0.504,-0.351,2.934,265.26,254.764,244.132,E,-74.5,147.1
H,48,VAL,0.0,0.0,21,18,17.0,22.0,4.2,-0.473,-0.499,-0.431,4.49,266.298,255.867,247.618,E,-122.4,-63.3
H,49,ALA,0.0,0.0,19,20,20.0,19.0,1.8,-0.487,-0.507,-0.457,5.74,266.189,259.593,248.297,E,-162.4,163.2
H,50,VAL,1.21,0.81,19,24,23.0,20.0,4.2,-0.515,-0.537,-0.478,6.529,266.533,262.989,246.618,E,-145.3,147.2
H,51,ILE,0.85,0.49,20,21,16.0,25.0,4.5,-0.475,-0.522,-0.382,4.342,267.839,266.421,247.621,E,-126.0,146.3
H,52,SER,0.85,0.737,12,24,14.0,22.0,-0.8,-0.415,-0.48,-0.31,2.988,267.025,269.825,246.165,L,-68.3,172.4
H,52A,TYR,105.58,49.519,10,20,16.0,14.0,-1.3,-0.222,-0.41,0.345,1.925,269.515,272.029,244.359,S,-63.7,-39.9
H,53,ASP,69.32,48.119,5,20,1.0,24.0,-3.5,-0.104,-0.258,0.108,1.908,269.62,274.318,247.412,S,-89.4,-5.5
H,54,GLY,24.38,30.271,14,16,19.0,11.0,-0.4,-0.244,-0.317,-0.102,1.927,269.711,271.5,249.958,S,73.2,17.7
H,55,SER,67.25,58.326,10,15,8.0,17.0,-0.8,-0.066,-0.205,0.114,1.668,266.645,272.683,251.871,L,-99.8,-23.6
H,56,ASN,3.28,2.174,17,14,15.0,16.0,-3.5,-0.359,-0.42,-0.284,2.208,264.16,270.06,250.625,L,-104.2,132.8
H,57,LYS,106.76,54.431,12,22,14.0,20.0,-3.9,-0.192,-0.382,0.327,1.744,264.766,266.422,251.546,E,-133.0,139.5
H,58,TYR,23.61,11.074,21,20,17.0,24.0,-1.3,-0.429,-0.454,-0.398,2.153,262.909,263.242,250.611,E,-148.5,147.2
H,59,TYR,37.63,17.649,12,22,18.0,16.0,-1.3,-0.351,-0.42,-0.231,2.282,263.592,259.542,251.063,E,-138.7,159.8
H,60,ALA,10.19,9.502,13,18,15.0,16.0,1.8,-0.317,-0.408,-0.198,2.432,262.097,256.228,250.018,L,-73.1,151.7
H,61,ASP,107.08,74.33,8,13,5.0,16.0,-3.5,0.015,-0.189,0.302,1.534,259.708,254.498,252.391,T,-58.7,-36.4
H,62,SER,69.12,59.948,9,10,4.0,15.0,-0.8,-0.068,-0.17,0.126,1.494,262.066,251.525,252.62,T,-60.3,-22.7
H,63,VAL,0.0,0.0,21,5,16.0,10.0,4.2,-0.322,-0.424,-0.163,3.068,264.669,253.781,254.26,T,-131.0,1.5
H,64,LYS,100.03,50.999,11,12,14.0,9.0,-3.9,-0.08,-0.202,0.171,1.652,262.61,256.805,255.269,T,-55.5,131.4
H,65,GLY,82.12,101.962,7,17,6.0,18.0,-0.4,0.092,-0.061,0.263,1.478,263.84,257.998,258.644,T,76.6,13.2
H,66,ARG,38.45,16.501,12,13,10.0,15.0,-4.0,-0.201,-0.296,-0.044,1.879,266.973,255.848,258.353,T,-128.6,-30.5
H,67,PHE,8.57,4.265,20,11,22.0,9.0,2.8,-0.443,-0.518,-0.274,4.158,269.126,257.554,255.704,E,-102.2,174.8
H,68,THR,51.58,37.763,11,21,6.0,26.0,-0.7,-0.257,-0.44,0.007,2.014,270.352,261.132,255.309,E,-146.9,138.3
H,69,ILE,0.0,0.0,22,17,24.0,15.0,4.5,-0.451,-0.525,-0.314,4.626,271.109,263.174,252.197,E,-126.2,129.2
H,70,SER,46.45,40.286,6,27,4.0,29.0,-0.8,-0.322,-0.429,-0.173,2.013,273.073,266.421,252.28,E,-148.5,161.9
H,71,ARG,26.97,11.575,24,11,27.0,8.0,-4.0,-0.43,-0.493,-0.276,3.171,275.192,268.471,249.91,E,-145.5,156.1
H,72,ASP,41.66,28.919,8,18,2.0,24.0,-3.5,-0.063,-0.294,0.353,2.045,277.826,271.21,249.967,E,-128.8,96.3
H,72A,ASN,47.69,31.614,13,13,15.0,11.0,-3.5,-0.171,-0.347,0.027,1.79,277.549,273.338,246.833,T,-64.0,-28.9
H,72B,SER,100.65,87.294,0,15,0.0,15.0,-0.8,0.495,0.205,0.93,1.533,280.666,275.263,247.856,T,-58.1,-41.4
H,72C,LYS,152.43,77.715,8,8,4.0,12.0,-3.9,0.45,-0.012,1.395,1.668,282.622,272.021,247.448,T,-92.5,-4.1
H,73,ASN,41.51,27.517,11,18,15.0,14.0,-3.5,-0.182,-0.349,-0.061,1.872,280.326,270.641,244.71,T,54.8,38.2
H,74,THR,21.33,15.616,8,21,9.0,20.0,-0.7,-0.239,-0.37,-0.07,2.456,280.107,267.564,246.93,E,-116.0,147.3
H,75,LEU,0.0,0.0,25,17,25.0,17.0,3.8,-0.496,-0.54,-0.435,5.309,277.155,265.311,247.722,E,-122.3,126.7
H,76,TYR,41.21,19.328,10,25,9.0,26.0,-1.3,-0.265,-0.447,0.114,2.17,277.035,263.425,251.02,E,-110.0,138.8
H,77,LEU,0.0,0.0,22,16,21.0,17.0,3.8,-0.501,-0.545,-0.42,4.981,275.06,260.238,251.697,E,-133.5,105.7
H,78,GLN,49.27,27.681,7,20,7.0,20.0,-3.5,-0.241,-0.394,-0.057,2.136,274.904,259.014,255.302,E,-104.1,132.4
H,79,MET,0.0,0.0,21,14,21.0,14.0,1.9,-0.455,-0.53,-0.347,5.483,273.286,255.642,256.053,E,-127.9,101.5
H,80,ASN,63.8,42.294,6,17,4.0,19.0,-3.5,-0.1,-0.298,0.158,1.878,272.736,254.919,259.752,L,-95.8,143.5
H,81,SER,60.83,52.758,4,18,1.0,21.0,-0.8,-0.075,-0.248,0.294,1.698,271.705,251.522,261.142,S,56.8,62.0
H,82,LEU,2.14,1.203,20,10,19.0,11.0,3.8,-0.434,-0.508,-0.284,4.375,272.247,249.659,257.888,L,-77.3,145.1
H,83,ARG,124.98,53.637,5,21,4.0,22.0,-4.0,-0.039,-0.334,0.628,1.801,270.561,246.329,257.141,L,-105.6,166.1
H,84,ALA,69.15,64.482,2,17,8.0,11.0,1.8,0.008,-0.139,0.255,1.606,271.679,243.366,255.073,G,-59.9,-23.5
H,85,GLU,122.07,71.165,4,18,6.0,16.0,-3.5,0.057,-0.253,0.499,1.586,269.199,244.572,252.453,G,-68.0,-15.1
H,86,ASP,0.0,0.0,24,13,21.0,16.0,-3.5,-0.401,-0.478,-0.298,3.331,271.454,247.57,251.82,G,-84.3,-1.8
H,87,THR,32.05,23.464,11,17,11.0,17.0,-0.7,-0.251,-0.363,-0.061,1.8,274.168,245.552,250.039,L,-72.1,113.3
H,88,ALA,0.85,0.793,17,12,12.0,17.0,1.8,-0.35,-0.416,-0.274,2.86,274.094,246.911,246.489,E,-173.1,-175.2
H,89,VAL,38.32,25.66,15,23,14.0,24.0,4.2,-0.335,-0.452,-0.198,2.235,275.824,249.404,244.181,E,-107.1,129.1
H,90,TYR,0.0,0.0,23,19,23.0,19.0,-1.3,-0.497,-0.532,-0.438,5.424,275.022,253.079,244.701,E,-100.4,142.1
H,91,TYR,8.53,4.001,17,27,16.0,28.0,-1.3,-0.43,-0.527,-0.296,4.333,275.105,255.758,241.998,E,-128.2,150.9
H,92,CYS,0.0,0.0,22,23,23.0,22.0,2.5,-0.496,-0.523,-0.466,6.458,274.661,259.527,242.136,E,-102.1,147.4
H,93,ALA,0.0,0.0,21,20,19.0,22.0,1.8,-0.491,-0.516,-0.474,6.297,272.508,261.202,239.5,E,-142.8,143.5
H,94,LYS,20.88,10.645,20,18,18.0,20.0,-3.9,-0.397,-0.508,-0.173,3.741,271.757,264.727,238.33,E,-78.1,158.9
H,95,ASP,4.29,2.978,21,12,19.0,14.0,-3.5,-0.453,-0.476,-0.415,3.546,268.29,266.276,238.42,L,-75.2,-61.7
H,96,GLY,11.34,14.08,13,13,7.0,19.0,-0.4,-0.312,-0.382,-0.156,2.151,268.067,267.802,234.938,L,100.9,-43.8
H,97,GLY,34.17,42.426,13,12,16.0,9.0,-0.4,-0.265,-0.343,-0.117,1.972,265.119,270.027,235.763,L,55.5,20.7
H,98,LYS,116.53,59.412,9,11,5.0,15.0,-3.9,-0.018,-0.214,0.233,1.714,263.821,269.803,232.197,S,-79.3,-14.2
H,99,LEU,63.67,35.796,14,12,7.0,19.0,3.8,-0.206,-0.341,0.032,1.908,260.294,268.927,233.382,S,-144.1,169.0
H,100,TRP,100.29,41.767,14,16,15.0,15.0,-0.9,-0.218,-0.41,0.022,1.866,258.051,269.061,236.406,S,-70.8,-9.5
H,100A,VAL,11.27,7.547,17,18,21.0,14.0,4.2,-0.415,-0.466,-0.349,3.013,258.693,265.298,236.522,S,-108.7,144.2
H,100B,TYR,1.92,0.901,25,18,23.0,20.0,-1.3,-0.494,-0.515,-0.46,5.709,262.019,263.803,237.554,L,-78.6,127.8
H,100C,TYR,4.25,1.993,22,24,24.0,22.0,-1.3,-0.428,-0.506,-0.253,5.025,264.11,262.024,234.953,L,-118.5,177.4
H,100D,PHE,1.21,0.602,28,17,24.0,21.0,2.8,-0.484,-0.512,-0.441,6.018,267.726,260.883,235.218,L,-118.9,120.0
H,101,ASP,18.21,12.641,12,20,11.0,21.0,-3.5,-0.364,-0.418,-0.274,2.658,270.226,262.636,232.947,L,-94.4,-55.7
H,102,TYR,87.16,40.88,15,21,11.0,25.0,-1.3,-0.274,-0.452,0.063,2.022,273.691,261.556,234.096,L,-129.2,153.9
H,103,TRP,28.18,11.736,18,19,21.0,16.0,-0.9,-0.444,-0.518,-0.31,3.355,275.073,258.88,236.391,B,-133.3,154.3
H,104,GLY,1.7,2.111,22,11,18.0,15.0,-0.4,-0.339,-0.418,-0.276,2.227,278.382,258.173,238.056,L,-85.5,-178.2
H,105,GLN,146.4,82.252,6,21,5.0,22.0,-3.5,-0.002,-0.198,0.302,1.591,280.316,254.932,237.949,L,-74.7,-24.2
H,106,GLY,23.57,29.265,16,17,19.0,14.0,-0.4,-0.313,-0.396,-0.198,2.057,278.982,254.04,241.388,L,86.4,159.5
H,107,THR,19.53,14.298,16,16,13.0,19.0,-0.7,-0.303,-0.385,-0.17,2.315,280.548,252.514,244.478,E,-132.0,154.7
H,108,LEU,94.72,53.252,3,23,4.0,22.0,3.8,-0.086,-0.276,0.294,1.641,279.916,249.202,246.212,E,-97.4,138.6
H,109,VAL,0.0,0.0,25,9,22.0,12.0,4.2,-0.403,-0.474,-0.31,3.611,278.485,248.793,249.714,E,-130.9,136.7
H,110,THR,35.86,26.254,5,24,5.0,24.0,-0.7,-0.162,-0.305,0.103,2.319,278.056,245.496,251.548,E,-134.0,148.3
H,111,VAL,7.5,5.022,16,10,15.0,11.0,4.2,-0.293,-0.415,-0.057,3.273,276.549,244.514,254.892,E,-127.3,129.2
H,112,SER,78.29,67.901,5,12,2.0,15.0,-0.8,0.223,-0.07,0.694,1.717,277.434,241.282,256.664,L,-168.2,135.7
H,113,SER,121.43,105.317,6,6,,,-0.8,0.804,0.418,1.779,1.55,278.036,240.21,260.264,L,-91.0,360.0
L,1,ASP,114.63,79.571,13,12,,,-3.5,-0.001,-0.248,0.327,1.485,251.569,251.681,244.381,,,
L,2,ILE,3.84,2.215,22,6,23.0,5.0,4.5,-0.298,-0.424,-0.065,2.623,252.793,251.447,240.761,L,360.0,134.8
L,3,GLN,113.98,64.037,2,23,1.0,24.0,-3.5,0.138,-0.253,0.667,1.653,254.299,248.451,238.96,L,-125.5,142.7
L,4,MET,18.18,9.732,20,12,24.0,8.0,1.9,-0.386,-0.508,-0.173,2.936,256.01,248.39,235.564,E,-120.6,125.9
L,5,THR,74.78,54.748,8,20,4.0,24.0,-0.7,-0.081,-0.284,0.279,1.832,256.113,245.303,233.344,E,-113.7,124.9
L,6,GLN,15.18,8.529,19,14,22.0,11.0,-3.5,-0.375,-0.487,-0.163,2.892,258.594,245.193,230.46,E,-112.4,130.1
L,7,SER,39.03,33.851,6,22,11.0,17.0,-0.8,-0.13,-0.296,0.085,1.79,258.276,242.633,227.676,E,-130.8,148.3
L,8,PRO,57.5,42.981,7,17,7.0,17.0,-1.6,-0.074,-0.256,0.139,1.812,259.821,240.485,226.47,L,-76.1,165.5
L,9,SER,102.82,89.176,0,21,7.0,14.0,-0.8,0.195,-0.086,0.812,1.513,261.979,239.482,229.437,S,-59.7,-41.0
L,10,SER,61.83,53.625,8,16,12.0,12.0,-0.8,0.037,-0.135,0.263,1.784,264.758,238.728,226.947,E,-156.1,143.0
L,11,LEU,23.29,13.094,17,8,11.0,14.0,3.8,-0.278,-0.418,0.017,2.006,264.869,238.597,223.152,E,-133.4,150.5
L,12,SER,53.33,46.253,1,20,3.0,18.0,-0.8,0.071,-0.078,0.302,1.755,267.277,237.334,220.502,E,-103.8,126.3
L,13,ALA,3.76,3.506,19,5,16.0,8.0,1.8,-0.241,-0.357,-0.121,2.384,267.928,239.711,217.614,E,-143.7,152.3
L,14,SER,27.21,23.599,1,19,2.0,18.0,-0.8,-0.044,-0.261,0.205,2.11,270.531,240.096,214.879,L,-108.9,174.8
L,15,VAL,88.14,59.02,3,17,6.0,14.0,4.2,0.01,-0.205,0.198,1.736,272.074,243.165,213.268,T,-71.4,136.7
L,16,GLY,42.76,53.092,0,18,3.0,15.0,-0.4,0.028,-0.153,0.24,1.722,269.743,245.139,211.02,T,91.6,-10.2
L,17,ASP,44.85,31.133,12,9,6.0,15.0,-3.5,-0.074,-0.25,0.263,1.899,266.531,243.816,212.564,L,-80.5,155.4
L,18,ARG,178.43,76.576,3,18,8.0,13.0,-4.0,0.172,-0.163,1.217,1.663,263.826,246.108,213.917,L,-96.4,114.4
L,19,VAL,8.49,5.685,25,9,20.0,14.0,4.2,-0.387,-0.464,-0.274,2.295,263.342,245.495,217.657,E,-99.4,144.3
L,20,THR,76.32,55.875,4,25,9.0,20.0,-0.7,-0.163,-0.308,0.108,1.762,260.28,246.513,219.674,E,-132.5,134.8
L,21,ILE,2.06,1.188,23,13,20.0,16.0,4.5,-0.436,-0.527,-0.332,3.555,259.976,246.492,223.469,E,-127.3,135.8
L,22,THR,43.84,32.096,6,29,7.0,28.0,-0.7,-0.234,-0.37,-0.035,2.058,256.758,247.053,225.42,E,-111.1,141.4
L,23,CYS,0.0,0.0,27,14,23.0,18.0,2.5,-0.425,-0.478,-0.368,5.232,256.408,248.482,228.924,E,-131.2,130.4
L,24,ARG,74.11,31.806,4,27,5.0,26.0,-4.0,-0.088,-0.332,0.255,1.879,253.118,248.428,230.829,E,-125.3,143.2
L,25,ALA,16.34,15.237,25,11,28.0,8.0,1.8,-0.321,-0.432,-0.121,2.603,252.029,250.163,234.027,E,-110.1,159.1
L,26,SER,67.69,58.708,9,14,5.0,18.0,-0.8,-0.025,-0.198,0.164,1.559,249.476,249.247,236.66,E,-61.4,-43.7
L,27,GLN,32.79,18.422,11,16,8.0,19.0,-3.5,-0.228,-0.361,0.002,1.893,247.594,252.485,235.953,E,-127.9,-172.3
L,28,SER,42.65,36.99,7,23,9.0,21.0,-0.8,-0.122,-0.301,0.108,1.756,247.643,255.302,233.397,E,-90.8,137.2
L,29,ILE,1.7,0.98,23,14,25.0,12.0,4.5,-0.402,-0.487,-0.261,3.672,250.389,257.902,232.989,E,-134.9,135.9
L,30,SER,67.68,58.699,7,21,4.0,24.0,-0.8,-0.064,-0.237,0.145,1.531,250.326,260.434,230.163,S,-62.1,-67.7
L,31,SER,45.55,39.506,10,23,15.0,18.0,-0.8,-0.201,-0.349,0.145,1.746,253.994,260.649,229.145,S,-142.0,24.6
L,32,TYR,47.72,22.382,22,20,19.0,23.0,-1.3,-0.378,-0.48,-0.219,2.532,255.864,260.027,232.419,L,-90.0,58.4
L,33,LEU,0.0,0.0,25,23,25.0,23.0,3.8,-0.508,-0.535,-0.46,5.893,257.994,257.178,231.069,E,-135.9,143.3
L,34,ASN,3.21,2.128,19,26,19.0,26.0,-3.5,-0.499,-0.512,-0.484,6.416,261.705,256.891,230.278,E,-132.4,151.0
L,35,TRP,0.0,0.0,23,23,22.0,24.0,-0.9,-0.513,-0.54,-0.468,6.516,263.924,254.362,228.505,E,-117.6,129.2
L,36,TYR,2.91,1.365,20,20,19.0,21.0,-1.3,-0.498,-0.516,-0.479,5.833,267.509,253.797,229.672,E,-124.0,156.2
L,37,GLN,9.65,5.422,12,27,16.0,23.0,-3.5,-0.429,-0.467,-0.378,2.513,270.314,251.55,228.414,E,-120.7,140.1
L,38,GLN,17.6,9.888,17,11,12.0,16.0,-3.5,-0.369,-0.418,-0.305,1.923,272.854,249.729,230.582,E,-145.3,115.4
L,39,LYS,53.98,27.521,5,18,7.0,16.0,-3.9,-0.127,-0.269,0.053,1.698,275.593,247.43,229.322,L,-74.3,157.8
L,40,PRO,91.9,68.695,6,15,10.0,11.0,-1.6,0.185,-0.086,0.532,1.553,276.704,244.474,231.467,S,-57.7,124.5
L,41,GLY,87.88,109.113,0,16,5.0,11.0,-0.4,0.307,0.108,0.667,1.491,278.907,245.816,234.236,S,85.6,-41.1
L,42,LYS,142.04,72.418,8,8,3.0,13.0,-3.9,0.202,-0.163,0.51,1.566,278.799,249.361,232.905,S,-69.9,160.9
L,43,ALA,16.89,15.75,16,14,16.0,14.0,1.8,-0.224,-0.317,-0.031,1.634,276.757,252.033,234.638,P,-73.0,159.4
L,44,PRO,7.5,5.606,23,12,20.0,15.0,-1.6,-0.418,-0.453,-0.37,3.345,273.199,252.819,233.488,P,-62.3,151.0
L,45,LYS,110.52,56.348,14,19,12.0,21.0,-3.9,-0.327,-0.441,-0.192,1.843,272.75,255.138,230.515,E,-137.1,145.5
L,46,LEU,8.96,5.037,18,17,19.0,16.0,3.8,-0.428,-0.476,-0.37,2.478,269.805,257.167,229.236,E,-85.5,141.0
L,47,LEU,2.06,1.158,22,18,17.0,23.0,3.8,-0.461,-0.507,-0.406,3.477,268.259,256.665,225.799,E,-115.4,-55.2
L,48,ILE,2.55,1.471,27,13,18.0,22.0,4.5,-0.449,-0.493,-0.372,3.379,264.779,258.249,225.802,E,-134.1,139.9
L,49,TYR,39.18,18.376,13,25,15.0,23.0,-1.3,-0.331,-0.475,0.12,3.217,262.947,260.568,228.197,E,-122.7,149.2
L,50,ALA,15.52,14.472,8,31,14.0,25.0,1.8,-0.35,-0.459,-0.245,2.186,259.233,261.405,228.37,T,70.6,-1.8
L,51,ALA,0.85,0.793,19,18,26.0,11.0,1.8,-0.384,-0.434,-0.296,2.742,258.625,258.41,226.04,T,73.7,-7.9
L,52,SER,84.63,73.4,6,18,6.0,18.0,-0.8,-0.027,-0.228,0.205,1.712,258.502,260.795,223.051,T,-141.1,34.0
L,53,SER,31.97,27.728,10,14,7.0,17.0,-0.8,-0.132,-0.298,0.058,1.753,261.82,262.656,223.182,E,-144.1,119.8
L,54,LEU,82.62,46.45,9,15,11.0,13.0,3.8,-0.135,-0.291,0.164,1.791,265.167,261.596,221.744,E,-75.7,131.9
L,55,GLN,17.46,9.81,18,10,16.0,12.0,-3.5,-0.236,-0.374,-0.065,2.035,268.098,262.319,224.033,P,-76.4,146.3
L,56,SER,101.13,87.71,1,12,0.0,13.0,-0.8,0.274,-0.017,0.781,1.494,270.99,264.319,222.619,T,-63.3,143.2
L,57,GLY,90.13,111.907,3,10,1.0,12.0,-0.4,0.409,0.158,0.766,1.467,273.897,262.206,221.432,T,75.8,10.9
L,58,VAL,18.09,12.113,17,3,15.0,5.0,4.2,-0.208,-0.389,0.069,1.946,271.645,259.165,220.964,S,-107.3,136.4
L,59,PRO,53.99,40.357,9,10,6.0,13.0,-1.6,-0.107,-0.25,0.12,1.767,271.342,257.499,217.531,L,-59.9,147.6
L,60,SER,105.33,91.353,0,18,5.0,13.0,-0.8,0.215,-0.035,0.708,1.514,268.12,258.208,215.667,T,-67.6,-14.5
L,61,ARG,39.79,17.077,12,12,11.0,13.0,-4.0,-0.226,-0.359,-0.026,1.823,267.348,254.484,215.364,T,-62.5,-25.2
L,62,PHE,9.6,4.778,18,17,20.0,15.0,2.8,-0.426,-0.489,-0.294,2.996,265.835,254.614,218.872,E,-79.4,127.8
L,63,SER,54.36,47.147,10,20,5.0,25.0,-0.8,-0.277,-0.405,-0.094,1.73,262.214,255.789,218.819,E,-138.2,140.0
L,64,GLY,24.08,29.898,18,16,23.0,11.0,-0.4,-0.276,-0.349,-0.086,1.824,259.637,255.992,221.602,E,-118.5,148.6
L,65,SER,65.98,57.225,6,24,1.0,29.0,-0.8,-0.079,-0.303,0.184,1.747,255.844,256.015,221.5,E,-160.3,169.5
L,66,GLY,40.86,50.733,18,9,11.0,16.0,-0.4,-0.05,-0.153,0.114,1.522,252.778,255.2,223.559,E,102.9,154.5
L,67,SER,82.03,71.145,3,22,10.0,15.0,-0.8,0.051,-0.16,0.532,1.679,250.864,256.867,226.373,E,-153.7,163.1
L,68,GLY,12.85,15.955,2,22,7.0,17.0,-0.4,-0.132,-0.294,0.069,1.948,248.735,255.956,229.358,E,86.4,-100.8
L,69,THR,46.16,33.795,9,20,14.0,15.0,-0.7,-0.096,-0.336,0.171,2.02,249.767,252.464,230.442,E,-111.9,-36.0
L,70,ASP,78.16,54.255,3,26,5.0,24.0,-3.5,-0.086,-0.25,0.345,1.739,251.482,250.886,227.415,E,-104.4,131.6
L,71,PHE,0.85,0.423,29,9,26.0,12.0,2.8,-0.392,-0.471,-0.301,3.293,254.651,252.293,225.859,E,-133.1,152.2
L,72,THR,46.39,33.963,7,28,8.0,27.0,-0.7,-0.244,-0.353,-0.003,2.047,256.906,250.991,223.098,E,-128.6,139.7
L,73,LEU,1.92,1.079,23,17,23.0,17.0,3.8,-0.474,-0.525,-0.382,4.518,260.585,251.461,222.313,E,-117.2,128.1
L,74,THR,14.44,10.572,9,20,10.0,19.0,-0.7,-0.247,-0.38,-0.035,2.148,261.576,250.576,218.761,E,-128.0,139.8
L,75,ILE,2.06,1.188,18,12,19.0,11.0,4.5,-0.438,-0.525,-0.258,4.737,264.93,250.251,217.0,E,-116.5,115.7
L,76,SER,62.62,54.31,5,15,2.0,18.0,-0.8,-0.05,-0.228,0.114,1.709,264.616,250.544,213.224,S,-62.7,-44.9
L,77,SER,45.47,39.436,3,19,2.0,20.0,-0.8,-0.104,-0.279,0.198,1.953,267.925,248.761,212.542,S,-139.5,115.5
L,78,LEU,1.21,0.68,17,10,16.0,11.0,3.8,-0.388,-0.498,-0.195,4.554,269.816,246.955,215.292,L,-70.4,149.9
L,79,GLN,57.12,32.092,7,15,5.0,17.0,-3.5,-0.137,-0.361,0.191,2.419,273.556,247.481,215.706,L,-128.8,155.4
L,80,PRO,87.35,65.294,0,17,6.0,11.0,-1.6,0.104,-0.098,0.38,1.618,276.219,245.451,217.53,G,-57.5,-36.3
L,81,GLU,92.96,54.195,1,17,2.0,16.0,-3.5,0.001,-0.231,0.226,1.583,276.785,248.252,220.05,G,-73.8,-11.3
L,82,ASP,3.21,2.228,18,16,18.0,16.0,-3.5,-0.379,-0.45,-0.279,2.631,273.068,248.303,220.918,G,-85.8,-6.7
L,83,PHE,23.55,11.72,13,16,15.0,14.0,2.8,-0.326,-0.435,-0.248,2.175,273.14,244.83,222.512,L,-72.0,93.5
L,84,ALA,3.4,3.17,16,14,12.0,18.0,1.8,-0.393,-0.431,-0.341,2.554,272.452,245.827,226.106,S,-149.1,-178.0
L,85,THR,24.99,18.296,18,19,17.0,20.0,-0.7,-0.354,-0.456,-0.237,2.246,269.728,245.629,228.735,E,-96.7,131.2
L,86,TYR,0.0,0.0,25,20,25.0,20.0,-1.3,-0.503,-0.537,-0.447,5.207,266.985,248.253,228.47,E,-107.7,130.3
L,87,TYR,16.92,7.936,17,27,15.0,29.0,-1.3,-0.426,-0.515,-0.332,4.028,265.048,249.541,231.479,E,-108.2,139.5
L,88,CYS,0.0,0.0,20,28,24.0,24.0,2.5,-0.496,-0.521,-0.446,6.463,261.693,251.327,231.321,E,-113.1,127.1
L,89,GLN,0.0,0.0,24,23,21.0,26.0,-3.5,-0.487,-0.514,-0.46,6.66,260.953,253.602,234.269,E,-128.4,134.2
L,90,GLN,0.0,0.0,29,21,27.0,23.0,-3.5,-0.468,-0.505,-0.401,5.767,257.824,255.54,235.181,E,-87.0,156.1
L,91,SER,1.07,0.928,18,21,16.0,23.0,-0.8,-0.489,-0.503,-0.468,5.482,257.915,259.085,236.528,L,-127.3,-4.0
L,92,TYR,4.96,2.326,20,25,22.0,23.0,-1.3,-0.441,-0.483,-0.345,3.408,254.312,259.836,237.537,S,-59.1,-32.4
L,93,SER,1.07,0.928,17,25,19.0,23.0,-0.8,-0.422,-0.466,-0.343,3.7,255.211,258.863,241.117,S,-100.5,88.7
L,94,THR,0.0,0.0,20,22,21.0,21.0,-0.7,-0.473,-0.484,-0.45,6.129,258.016,261.298,241.857,G,-59.0,-48.0
L,95,LEU,8.31,4.672,17,22,21.0,18.0,3.8,-0.432,-0.457,-0.401,2.477,258.633,260.244,245.458,G,-90.9,1.1
L,95A,ALA,22.31,20.804,11,21,11.0,21.0,1.8,-0.346,-0.416,-0.274,1.899,258.09,256.499,244.879,G,-137.2,45.1
L,96,LEU,8.35,4.694,24,16,25.0,15.0,3.8,-0.451,-0.489,-0.37,4.054,259.861,256.013,241.565,L,-51.1,146.4
L,97,THR,37.83,27.696,12,24,10.0,26.0,-0.7,-0.33,-0.438,-0.195,2.152,259.978,252.475,240.198,E,-141.6,150.8
L,98,PHE,19.88,9.894,17,22,22.0,17.0,2.8,-0.41,-0.485,-0.289,2.769,261.839,250.878,237.304,E,-115.7,163.7
L,99,GLY,3.21,3.986,25,13,28.0,10.0,-0.4,-0.353,-0.424,-0.274,2.365,261.111,248.061,234.906,L,-72.2,167.8
L,100,GLY,74.98,93.097,12,18,3.0,27.0,-0.4,-0.18,-0.253,-0.113,1.491,262.342,244.528,235.387,L,-71.8,-21.0
L,101,GLY,12.55,15.582,12,23,19.0,16.0,-0.4,-0.297,-0.367,-0.228,1.827,264.758,244.875,232.485,L,103.4,150.1
L,102,THR,0.0,0.0,19,16,16.0,19.0,-0.7,-0.351,-0.421,-0.264,3.141,265.05,243.386,229.004,E,-139.4,105.4
L,103,LYS,122.66,62.537,4,23,7.0,20.0,-3.9,-0.051,-0.334,0.797,1.692,268.407,241.913,227.999,E,-88.7,128.4
L,104,VAL,9.6,6.428,21,12,21.0,12.0,4.2,-0.412,-0.475,-0.298,3.739,268.951,241.626,224.24,E,-106.2,123.6
L,105,GLU,95.98,55.955,5,19,5.0,19.0,-3.5,-0.006,-0.231,0.457,1.937,271.303,238.925,222.962,E,-106.8,174.4
L,106,ILE,128.79,74.273,4,16,10.0,10.0,4.5,0.1,-0.109,0.389,1.707,272.642,238.181,219.5,E,-86.4,129.5
L,107,LYS,158.3,80.708,10,5,,,-3.9,0.356,-0.003,0.797,1.794,270.367,235.984,217.384,L,-80.3,360.0
E,333,THR,179.22,131.21,0,9,,,-0.7,1.802,0.966,2.932,1.536,252.965,290.272,251.72,,,
E,334,ASN,101.75,67.451,8,7,7.0,8.0,-3.5,0.457,0.053,0.966,1.634,250.598,288.799,249.121,L,360.0,59.6
E,335,LEU,92.62,52.072,9,12,8.0,13.0,3.8,0.092,-0.078,0.362,1.699,251.33,285.338,250.491,B,-94.0,142.5
E,336,CYS,6.43,4.891,22,6,18.0,10.0,2.5,-0.279,-0.376,-0.189,2.466,248.916,282.448,250.102,L,-69.8,130.9
E,337,PRO,61.25,45.784,7,18,4.0,21.0,-1.6,-0.054,-0.198,0.212,1.792,247.237,281.579,253.452,L,-79.5,68.7
E,338,PHE,11.63,5.788,16,13,20.0,9.0,2.8,-0.395,-0.483,-0.237,2.882,248.181,277.917,253.584,L,-72.3,-25.7
E,339,GLY,29.6,36.752,6,13,7.0,12.0,-0.4,-0.01,-0.132,0.139,1.571,248.735,278.194,257.337,H,-60.6,-46.4
E,340,GLU,114.55,66.781,5,12,3.0,14.0,-3.5,0.184,-0.031,0.579,1.548,245.063,278.627,258.188,H,-59.3,-22.5
E,341,VAL,16.36,10.955,19,10,18.0,11.0,4.2,-0.324,-0.424,-0.163,2.028,244.468,275.361,256.328,H,-78.8,-54.4
E,342,PHE,28.56,14.214,13,16,18.0,11.0,2.8,-0.357,-0.459,-0.156,2.393,247.155,273.244,257.973,H,-74.6,-28.6
E,343,ASN,128.7,85.317,6,12,3.0,15.0,-3.5,0.215,-0.026,0.615,1.686,246.798,275.063,261.314,T,-100.4,17.6
E,344,ALA,27.94,26.054,13,6,14.0,5.0,1.8,-0.066,-0.211,0.126,1.783,242.996,275.064,261.175,L,-58.3,133.8
E,345,THR,121.59,89.018,0,13,1.0,12.0,-0.7,0.495,0.12,1.148,1.526,241.622,274.363,264.642,S,-63.0,-39.2
E,346,ARG,154.07,66.122,4,15,4.0,15.0,-4.0,0.07,-0.139,0.447,1.644,238.885,272.093,263.274,L,-130.8,152.8
E,347,PHE,20.46,10.183,22,9,22.0,9.0,2.8,-0.357,-0.462,-0.186,2.12,238.384,269.927,260.191,L,-122.9,179.1
E,348,ALA,21.1,19.675,13,16,8.0,21.0,1.8,-0.309,-0.432,-0.192,1.93,235.459,268.349,258.352,L,-110.9,166.6
E,349,SER,11.93,10.347,17,20,15.0,22.0,-0.8,-0.399,-0.456,-0.326,2.16,234.245,264.827,257.76,B,-72.5,154.3
E,350,VAL,0.0,0.0,25,18,22.0,21.0,4.2,-0.522,-0.541,-0.489,6.237,235.585,263.13,254.657,S,-62.4,-44.3
E,351,TYR,31.55,14.798,17,23,25.0,15.0,-1.3,-0.417,-0.513,-0.189,3.605,232.232,262.877,252.904,T,-59.8,-35.8
E,352,ALA,19.63,18.305,9,20,4.0,25.0,1.8,-0.314,-0.426,-0.183,2.352,231.952,266.632,253.46,T,-98.8,65.6
E,353,TRP,12.48,5.197,23,11,23.0,11.0,-0.9,-0.381,-0.495,-0.189,3.372,235.502,267.329,252.351,L,-67.8,123.1
E,354,ASN,63.38,42.015,13,17,8.0,22.0,-3.5,-0.221,-0.353,0.012,1.856,236.293,270.983,252.971,E,-75.7,145.1
E,355,ARG,90.72,38.934,9,17,15.0,11.0,-4.0,-0.224,-0.378,-0.012,1.799,237.791,273.001,250.125,E,-128.3,145.8
E,356,LYS,72.92,37.178,16,9,11.0,14.0,-3.9,-0.172,-0.334,0.171,1.791,239.788,276.219,249.927,E,-130.3,145.3
E,357,ARG,137.09,58.834,4,20,3.0,21.0,-4.0,0.005,-0.219,0.255,1.576,240.677,278.232,246.826,E,-110.5,134.8
E,358,ILE,0.85,0.49,24,8,20.0,12.0,4.5,-0.374,-0.468,-0.258,2.676,244.099,279.853,246.437,E,-125.9,120.7
E,359,SER,25.19,21.847,9,18,13.0,14.0,-0.8,-0.181,-0.296,-0.053,1.832,244.667,282.528,243.796,L,-160.9,149.2
E,360,ASN,103.37,68.525,0,22,3.0,19.0,-3.5,0.12,-0.198,0.567,1.691,246.44,285.876,243.392,S,56.2,58.4
E,361,CYS,13.51,10.277,13,10,8.0,15.0,2.5,-0.176,-0.286,-0.061,1.709,249.069,285.269,246.063,E,-162.2,162.9
E,362,VAL,46.46,31.11,6,21,4.0,23.0,4.2,-0.009,-0.242,0.38,1.884,252.704,284.243,246.367,E,-81.2,135.7
E,363,ALA,1.07,0.998,18,14,18.0,14.0,1.8,-0.346,-0.411,-0.264,3.196,253.318,280.492,246.414,L,-90.2,96.3
E,364,ASP,48.82,33.889,12,15,9.0,18.0,-3.5,-0.197,-0.323,0.108,1.701,255.453,279.797,249.504,L,-106.7,106.6
E,365,TYR,1.7,0.797,14,13,13.0,14.0,-1.3,-0.379,-0.484,-0.271,3.633,256.001,276.062,249.996,L,-96.0,1.3
E,366,SER,43.48,37.71,5,17,5.0,17.0,-0.8,-0.004,-0.173,0.205,1.741,258.723,276.523,252.62,H,-54.2,-34.6
E,367,VAL,75.79,50.75,11,12,10.0,13.0,4.2,-0.1,-0.198,0.042,1.785,256.184,275.663,255.32,H,-57.1,-42.0
E,368,LEU,12.92,7.264,20,12,18.0,14.0,3.8,-0.37,-0.463,-0.231,2.75,255.964,272.174,253.84,H,-63.9,-43.4
E,369,TYR,40.7,19.089,14,10,12.0,12.0,-1.3,-0.283,-0.406,-0.094,2.167,259.746,271.921,253.558,H,-65.7,-44.7
E,370,ASN,117.39,77.819,4,10,2.0,12.0,-3.5,0.287,0.022,0.654,1.601,260.371,273.069,257.136,H,-66.6,-41.0
E,371,SER,38.78,33.634,14,6,13.0,7.0,-0.8,0.016,-0.117,0.319,1.726,257.502,271.012,258.56,L,-68.0,107.0
E,372,ALA,99.94,93.193,4,15,6.0,13.0,1.8,0.424,0.074,0.948,1.499,258.993,267.606,259.377,L,-93.9,-0.9
E,373,SER,110.78,96.08,6,11,3.0,14.0,-0.8,0.371,0.032,0.948,1.535,255.887,266.417,261.263,L,-84.1,17.0
E,374,PHE,32.31,16.08,16,8,16.0,8.0,2.8,-0.24,-0.33,-0.04,1.758,254.279,265.093,258.056,L,-80.3,119.1
E,375,SER,50.17,43.513,13,13,9.0,17.0,-0.8,-0.13,-0.219,0.032,1.729,253.286,261.446,258.441,S,-63.2,-47.0
E,376,THR,35.93,26.305,19,14,13.0,20.0,-0.7,-0.285,-0.374,-0.192,2.056,253.041,261.063,254.655,E,-138.7,140.3
E,377,PHE,14.35,7.142,14,23,16.0,21.0,2.8,-0.403,-0.454,-0.301,2.121,253.964,263.503,251.876,E,-144.6,99.6
E,378,LYS,53.99,27.526,16,22,16.0,22.0,-3.9,-0.346,-0.45,-0.219,2.168,253.532,262.159,248.343,E,-132.2,129.5
E,379,CYS,0.0,0.0,20,17,21.0,16.0,2.5,-0.446,-0.485,-0.401,5.671,253.188,264.134,245.118,E,-113.5,159.3
E,380,TYR,5.19,2.434,20,21,20.0,21.0,-1.3,-0.436,-0.459,-0.399,3.564,252.141,263.186,241.603,E,-145.6,150.6
E,381,GLY,1.07,1.329,13,24,15.0,22.0,-0.4,-0.393,-0.423,-0.372,2.441,252.278,264.883,238.212,S,85.6,-29.6
E,382,VAL,3.4,2.277,18,17,12.0,23.0,4.2,-0.433,-0.479,-0.399,3.204,255.117,267.219,239.209,S,-161.7,144.7
E,383,SER,0.0,0.0,21,17,23.0,15.0,-0.8,-0.453,-0.484,-0.431,5.713,258.002,267.107,241.635,L,-72.2,140.9
E,384,PRO,2.28,1.704,21,20,17.0,24.0,-1.6,-0.452,-0.466,-0.429,5.315,257.513,269.038,244.895,S,-64.4,-22.3
E,385,THR,5.98,4.378,20,19,17.0,22.0,-0.7,-0.451,-0.479,-0.38,2.594,260.988,270.548,244.652,G,-73.7,-60.3
E,386,LYS,31.79,16.208,16,16,14.0,18.0,-3.9,-0.328,-0.429,-0.183,1.881,260.875,272.567,241.427,G,-81.9,54.2
E,387,LEU,7.87,4.425,19,14,19.0,14.0,3.8,-0.416,-0.488,-0.291,5.115,257.477,274.036,242.335,G,-107.7,-42.0
E,388,ASN,56.32,37.335,9,15,12.0,12.0,-3.5,-0.206,-0.314,-0.017,2.019,258.374,277.391,243.899,T,-66.1,0.9
E,389,ASP,104.32,72.414,6,14,2.0,18.0,-3.5,-0.0,-0.163,0.311,1.661,259.831,278.18,240.446,T,-114.2,30.2
E,390,LEU,26.78,15.056,13,13,12.0,14.0,3.8,-0.199,-0.334,-0.031,2.038,256.535,277.435,238.725,L,-149.2,139.2
E,391,CYS,43.61,33.174,12,15,13.0,14.0,2.5,-0.198,-0.301,-0.012,1.926,253.212,279.252,238.298,L,-109.4,161.2
E,392,PHE,6.3,3.135,14,16,13.0,17.0,2.8,-0.36,-0.431,-0.266,3.373,249.62,278.063,237.962,B,-149.8,160.5
E,393,THR,4.69,3.434,6,18,6.0,18.0,-0.7,-0.22,-0.326,-0.008,2.129,246.191,279.515,237.302,S,-69.7,-45.6
E,394,ASN,17.21,11.409,7,22,7.0,22.0,-3.5,-0.299,-0.401,-0.153,2.88,244.676,278.298,240.577,E,-151.5,164.5
E,395,VAL,0.85,0.569,19,14,21.0,12.0,4.2,-0.454,-0.495,-0.355,5.615,245.249,276.1,243.617,E,-129.9,137.1
E,396,TYR,50.28,23.582,12,20,9.0,23.0,-1.3,-0.291,-0.446,0.032,2.568,242.7,273.92,245.413,E,-120.0,127.2
E,397,ALA,0.0,0.0,11,21,15.0,17.0,1.8,-0.436,-0.471,-0.408,2.865,243.276,272.807,249.009,E,-112.1,106.5
E,398,ASP,0.0,0.0,23,17,17.0,23.0,-3.5,-0.458,-0.495,-0.413,3.814,241.13,269.849,250.051,E,-94.6,137.7
E,399,SER,8.13,7.051,16,21,17.0,20.0,-0.8,-0.462,-0.505,-0.421,2.47,241.002,268.911,253.736,E,-134.9,137.6
E,400,PHE,0.0,0.0,22,21,17.0,26.0,2.8,-0.508,-0.545,-0.471,5.893,239.365,266.024,255.566,E,-160.8,-176.6
E,401,VAL,0.0,0.0,21,27,23.0,25.0,4.2,-0.516,-0.545,-0.464,5.737,239.855,263.431,258.317,E,-129.8,133.4
E,402,ILE,0.0,0.0,21,27,22.0,26.0,4.5,-0.519,-0.541,-0.478,5.478,240.231,259.647,258.029,E,-137.3,-172.4
E,403,ARG,51.08,21.922,17,23,19.0,21.0,-4.0,-0.341,-0.504,0.133,2.459,241.823,256.819,260.003,E,-97.1,171.6
E,404,GLY,12.82,15.918,12,17,15.0,14.0,-0.4,-0.38,-0.435,-0.314,2.16,245.381,255.589,259.662,G,-62.5,-42.4
E,405,ASP,37.43,25.982,7,15,3.0,19.0,-3.5,-0.137,-0.274,0.114,1.877,244.493,252.518,257.618,G,-60.4,-29.2
E,406,GLU,8.57,4.996,20,13,17.0,16.0,-3.5,-0.406,-0.493,-0.319,2.974,242.743,254.736,255.061,G,-84.2,-1.8
E,407,VAL,28.29,18.943,19,17,21.0,15.0,4.2,-0.402,-0.466,-0.349,1.914,245.845,256.874,254.465,G,-60.5,-44.9
E,408,ARG,148.97,63.933,5,23,5.0,23.0,-4.0,-0.003,-0.291,0.603,1.568,246.967,254.573,251.657,G,-57.5,-26.4
E,409,GLN,25.23,14.175,16,12,13.0,15.0,-3.5,-0.321,-0.41,-0.176,2.465,243.556,255.008,250.048,G,-74.7,-15.7
E,410,ILE,7.46,4.302,26,18,27.0,17.0,4.5,-0.493,-0.521,-0.443,2.84,244.031,258.72,249.23,S,-87.1,84.9
E,411,ALA,9.38,8.747,17,23,21.0,19.0,1.8,-0.395,-0.435,-0.355,2.52,245.551,258.333,245.785,S,-174.8,158.0
E,412,PRO,9.2,6.877,19,18,21.0,16.0,-1.6,-0.367,-0.427,-0.291,2.324,244.704,257.702,242.121,T,-62.4,148.4
E,413,GLY,58.97,73.218,10,14,8.0,16.0,-0.4,-0.125,-0.239,0.017,1.498,243.793,254.141,241.277,T,68.5,13.4
E,414,GLN,50.06,28.125,17,7,13.0,11.0,-3.5,-0.193,-0.305,-0.057,2.062,242.888,253.504,244.92,L,-88.1,152.1
E,415,THR,106.77,78.168,0,22,3.0,19.0,-0.7,0.246,-0.07,0.985,1.601,239.9,251.433,246.018,L,-131.4,148.3
E,416,GLY,28.84,35.808,13,11,4.0,20.0,-0.4,-0.147,-0.286,0.047,1.497,238.0,251.277,249.278,S,146.8,-177.3
E,417,LYS,107.5,54.808,14,16,10.0,20.0,-3.9,-0.174,-0.413,0.489,1.688,235.374,253.044,251.334,H,-55.1,-53.5
E,418,ILE,0.0,0.0,19,20,22.0,17.0,4.5,-0.483,-0.524,-0.421,4.04,237.189,256.372,251.207,I,-67.7,-34.7
E,419,ALA,4.25,3.963,12,20,15.0,17.0,1.8,-0.376,-0.434,-0.294,3.43,238.237,255.865,247.591,I,-64.7,-38.8
E,420,ASP,24.2,16.799,9,26,12.0,23.0,-3.5,-0.297,-0.398,-0.026,2.369,234.726,255.445,246.163,I,-109.1,-30.7
E,421,TYR,45.66,21.416,13,24,15.0,22.0,-1.3,-0.352,-0.495,-0.074,2.466,232.128,256.772,248.638,I,-109.7,-7.9
E,422,ASN,0.85,0.563,26,17,22.0,21.0,-3.5,-0.517,-0.535,-0.482,5.761,233.786,259.721,250.389,I,-132.7,-26.4
E,423,TYR,0.85,0.399,22,22,20.0,24.0,-1.3,-0.513,-0.547,-0.484,6.854,236.557,261.108,248.18,L,-167.2,150.7
E,424,LYS,37.98,19.364,12,21,18.0,15.0,-3.9,-0.357,-0.49,-0.173,3.248,238.053,260.429,244.768,L,-149.0,160.9
E,425,LEU,1.7,0.956,20,14,16.0,18.0,3.8,-0.407,-0.474,-0.261,4.51,240.812,261.43,242.38,L,-133.1,154.7
E,426,PRO,22.44,16.774,9,17,5.0,21.0,-1.6,-0.123,-0.286,0.058,2.007,241.044,261.378,238.58,L,-76.9,178.4
E,427,ASP,95.63,66.382,7,16,11.0,12.0,-3.5,0.008,-0.163,0.184,1.683,243.419,259.297,236.518,T,-83.4,0.5
E,428,ASP,95.49,66.285,4,23,10.0,17.0,-3.5,0.019,-0.17,0.628,1.692,245.364,262.506,235.745,T,-137.2,38.8
E,429,PHE,3.4,1.692,19,11,16.0,14.0,2.8,-0.37,-0.446,-0.242,2.882,245.568,264.303,239.086,L,-62.4,147.1
E,430,THR,49.48,36.225,11,23,14.0,20.0,-0.7,-0.313,-0.401,-0.202,1.82,248.336,266.887,239.34,L,-135.2,104.0
E,431,GLY,0.85,1.055,21,16,14.0,23.0,-0.4,-0.437,-0.467,-0.406,4.669,249.411,267.929,242.825,E,168.8,-148.1
E,432,CYS,9.86,7.5,16,21,17.0,20.0,2.5,-0.478,-0.484,-0.467,6.321,250.428,266.647,246.232,E,-139.4,161.1
E,433,VAL,5.81,3.89,18,21,18.0,21.0,4.2,-0.474,-0.507,-0.437,2.988,248.912,264.801,249.184,E,-133.2,136.6
E,434,ILE,0.0,0.0,16,21,14.0,23.0,4.5,-0.447,-0.498,-0.391,4.128,249.824,265.23,252.845,E,-130.5,144.8
E,435,ALA,0.85,0.793,17,20,20.0,17.0,1.8,-0.43,-0.476,-0.33,2.838,248.683,263.284,255.891,E,-145.6,141.7
E,436,TRP,35.21,14.664,12,22,11.0,23.0,-0.9,-0.38,-0.459,-0.242,2.124,249.455,263.514,259.587,E,-152.9,142.2
E,437,ASN,45.7,30.295,14,20,17.0,17.0,-3.5,-0.311,-0.399,-0.192,1.834,248.001,262.0,262.736,E,-63.1,142.8
E,438,SER,0.85,0.737,18,16,12.0,22.0,-0.8,-0.348,-0.418,-0.214,2.412,245.852,264.29,264.881,L,-129.8,36.1
E,439,ASN,23.97,15.89,12,17,21.0,8.0,-3.5,-0.262,-0.363,-0.128,1.911,245.122,261.834,267.684,T,-60.8,-39.6
E,440,ASN,129.06,85.555,2,17,1.0,18.0,-3.5,0.24,-0.065,0.895,1.513,246.162,264.367,270.325,T,-60.8,-29.2
E,441,LEU,99.02,55.67,11,13,5.0,19.0,3.8,-0.029,-0.256,0.532,1.762,243.585,266.79,268.886,T,-103.8,-38.9
E,442,ASP,0.0,0.0,24,11,21.0,14.0,-3.5,-0.413,-0.471,-0.332,3.554,240.922,264.668,267.148,S,-103.7,34.6
E,443,SER,13.93,12.082,17,11,19.0,9.0,-0.8,-0.333,-0.392,-0.173,2.304,240.331,262.094,269.901,L,-140.3,152.6
E,444,LYS,106.05,54.069,7,14,4.0,17.0,-3.9,0.036,-0.234,0.532,1.73,238.39,262.121,273.16,L,-132.6,154.6
E,445,VAL,146.94,98.393,0,16,2.0,14.0,4.2,0.666,0.233,1.342,1.477,238.373,260.06,276.334,T,-58.6,-39.2
E,446,GLY,55.37,68.748,1,13,0.0,14.0,-0.4,0.422,0.255,0.641,1.5,234.756,259.249,275.494,T,-86.8,3.9
E,447,GLY,7.5,9.312,6,16,12.0,10.0,-0.4,-0.035,-0.146,0.108,2.412,235.569,258.84,271.804,L,93.0,125.5
E,448,ASN,4.25,2.817,19,9,15.0,13.0,-3.5,-0.298,-0.378,-0.18,2.685,235.574,261.513,269.1,B,-89.4,104.2
E,449,TYR,120.88,56.695,5,19,7.0,17.0,-1.3,0.017,-0.208,0.38,1.651,232.533,260.731,266.938,L,-107.1,8.3
E,450,ASN,97.16,64.408,9,16,3.0,22.0,-3.5,-0.105,-0.237,0.24,1.617,232.162,264.17,265.33,S,-63.7,-28.5
E,451,TYR,4.83,2.265,20,10,18.0,12.0,-1.3,-0.405,-0.471,-0.319,2.328,233.771,262.918,262.105,L,-95.1,135.1
E,452,LEU,37.6,21.139,11,21,11.0,21.0,3.8,-0.298,-0.463,-0.117,2.44,231.768,260.61,259.856,E,-127.9,176.5
E,453,TYR,39.58,18.564,16,20,20.0,16.0,-1.3,-0.408,-0.501,-0.156,2.935,232.07,258.839,256.523,E,-153.8,147.1
E,454,ARG,4.74,2.034,24,14,22.0,16.0,-4.0,-0.46,-0.512,-0.357,3.571,229.772,257.562,253.81,E,-72.3,134.5
E,455,LEU,40.24,22.623,10,19,7.0,22.0,3.8,-0.214,-0.406,0.151,2.139,229.47,253.78,253.94,L,-112.6,-19.4
E,456,PHE,73.6,36.63,14,17,9.0,22.0,2.8,-0.243,-0.434,0.114,2.008,226.981,253.094,251.127,L,-137.3,148.1
E,457,ARG,54.22,23.269,17,10,18.0,9.0,-4.0,-0.238,-0.376,0.017,1.846,226.189,254.562,247.725,L,-169.1,136.5
E,458,LYS,125.97,64.225,6,10,6.0,10.0,-3.9,0.162,-0.102,0.544,1.487,224.511,253.029,244.699,S,-67.4,-15.7
E,459,SER,71.93,62.385,4,9,1.0,12.0,-0.8,0.21,-0.074,0.532,1.671,227.292,254.24,242.385,S,-148.8,151.4
E,460,ASN,87.46,57.978,10,14,10.0,14.0,-3.5,-0.007,-0.186,0.171,1.667,230.92,255.265,242.706,P,-67.3,145.1
E,461,LEU,7.5,4.217,21,5,18.0,8.0,3.8,-0.342,-0.456,-0.146,3.512,231.59,258.977,242.976,P,-66.3,146.5
E,462,LYS,157.47,80.284,2,15,1.0,16.0,-3.9,0.399,-0.205,1.816,1.567,232.803,260.934,239.976,P,-73.0,161.4
E,463,PRO,69.73,52.123,8,13,8.0,13.0,-1.6,0.004,-0.208,0.294,1.816,236.244,262.557,240.274,T,-55.5,136.7
E,464,PHE,60.74,30.229,10,20,14.0,16.0,2.8,-0.29,-0.434,-0.124,2.08,236.341,265.389,242.814,T,51.7,44.4
E,465,GLU,42.62,24.847,13,11,8.0,16.0,-3.5,-0.196,-0.396,-0.026,1.962,232.693,264.836,243.698,L,-101.5,136.3
E,466,ARG,124.44,53.405,8,19,10.0,17.0,-4.0,-0.159,-0.353,0.255,1.829,231.258,265.932,247.038,L,-113.2,124.0
E,467,ASP,14.3,9.926,21,9,17.0,13.0,-3.5,-0.285,-0.357,-0.153,2.146,228.122,264.138,248.259,L,-127.1,122.8
E,468,ILE,93.97,54.193,9,18,11.0,16.0,4.5,-0.017,-0.279,0.603,1.671,226.365,264.987,251.52,L,-131.2,21.7
E,469,SER,56.41,48.925,7,10,5.0,12.0,-0.8,0.018,-0.156,0.286,1.688,222.876,263.825,250.581,L,-63.3,133.7
E,470,THR,100.65,73.688,3,16,8.0,11.0,-0.7,0.217,-0.012,0.628,1.647,220.935,262.459,253.557,L,-90.0,22.7
E,471,GLU,117.4,68.443,7,14,5.0,16.0,-3.5,-0.022,-0.264,0.171,1.562,219.009,260.013,251.366,P,-65.1,139.0
E,472,ILE,23.82,13.737,13,14,12.0,15.0,4.5,-0.175,-0.291,0.012,2.124,218.404,256.628,252.97,P,-77.3,133.3
E,473,TYR,47.64,22.344,12,17,11.0,18.0,-1.3,-0.236,-0.347,0.171,1.976,220.099,253.867,251.014,E,-74.6,137.7
E,474,GLN,59.03,33.165,7,16,8.0,15.0,-3.5,-0.024,-0.253,0.499,1.851,217.916,251.21,249.395,E,-94.2,104.8
E,475,ALA,47.08,43.902,10,9,6.0,13.0,1.8,-0.043,-0.202,0.177,1.917,219.695,247.916,250.06,L,-95.6,-21.0
E,476,GLY,20.16,25.031,8,6,3.0,11.0,-0.4,0.199,0.007,0.319,1.678,216.761,245.592,249.33,S,-120.0,-179.2
E,477,SER,117.19,101.639,0,10,0.0,10.0,-0.8,0.948,0.555,1.816,1.494,213.897,245.305,246.887,S,-67.0,-31.3
E,478,THR,78.37,57.376,8,6,4.0,10.0,-0.7,0.423,0.047,0.844,1.6,211.555,246.997,249.365,S,-70.4,121.6
E,479,PRO,89.94,67.23,2,15,0.0,17.0,-1.6,0.5,0.022,1.265,1.605,211.717,250.785,248.843,L,-62.3,144.7
E,480,CYS,22.46,17.085,15,4,15.0,4.0,2.5,-0.109,-0.214,0.108,1.794,212.847,252.837,251.835,L,-96.4,106.1
E,481,ASN,134.59,89.221,1,14,0.0,15.0,-3.5,0.719,0.198,1.395,1.521,210.216,255.559,252.193,L,-91.2,61.1
E,482,GLY,62.99,78.21,0,15,4.0,11.0,-0.4,0.427,0.248,0.681,1.491,212.281,257.933,254.287,S,72.9,12.4
E,483,VAL,95.06,63.653,5,12,0.0,17.0,4.2,0.56,0.027,1.316,1.77,212.412,255.489,257.207,L,-127.2,150.1
E,484,GLU,108.72,63.382,5,14,8.0,11.0,-3.5,0.244,0.022,0.437,1.704,215.194,253.305,258.586,L,-96.5,161.6
E,485,GLY,51.18,63.546,6,11,0.0,17.0,-0.4,0.277,0.108,0.544,1.473,215.157,249.609,259.39,B,145.3,-123.9
E,486,PHE,174.09,86.642,4,13,2.0,15.0,2.8,0.577,-0.044,1.481,1.539,215.244,246.58,257.11,T,-72.9,121.9
E,487,ASN,31.55,20.915,8,12,6.0,14.0,-3.5,0.065,-0.219,0.399,2.338,217.453,247.288,254.076,T,58.6,21.8
E,488,CYS,7.51,5.713,11,10,12.0,9.0,2.5,-0.168,-0.264,-0.09,2.63,217.294,250.977,255.068,E,-132.6,108.1
E,489,TYR,94.93,44.524,12,13,10.0,15.0,-1.3,-0.098,-0.312,0.362,2.054,220.532,252.392,256.463,E,-122.8,148.9
E,490,PHE,99.35,49.445,5,22,7.0,20.0,2.8,-0.08,-0.284,0.302,1.712,221.816,255.804,257.442,L,-73.4,124.6
E,491,PRO,1.7,1.271,14,13,19.0,8.0,-1.6,-0.36,-0.435,-0.258,2.649,224.436,256.699,254.798,S,-62.5,-24.1
E,492,LEU,19.12,10.749,15,14,16.0,13.0,3.8,-0.324,-0.435,-0.189,2.454,226.828,258.221,257.358,E,-100.1,136.9
E,493,GLN,88.65,49.806,9,13,6.0,16.0,-3.5,-0.124,-0.321,0.319,1.842,228.752,256.248,259.97,E,-123.6,134.0
E,494,SER,40.45,35.082,6,16,6.0,16.0,-0.8,-0.138,-0.248,-0.017,1.711,230.67,258.015,262.727,E,-83.6,139.6
E,495,TYR,14.8,6.942,22,7,18.0,11.0,-1.3,-0.43,-0.511,-0.298,2.602,234.322,257.216,263.327,L,-73.7,149.0
E,496,GLY,37.01,45.952,5,23,5.0,23.0,-0.4,-0.284,-0.345,-0.189,1.588,235.508,255.803,266.628,L,-102.4,101.2
E,497,PHE,1.7,0.846,22,12,23.0,11.0,2.8,-0.465,-0.531,-0.334,3.236,238.532,257.866,267.667,B,-118.9,118.5
E,498,GLN,56.92,31.979,7,18,7.0,18.0,-3.5,-0.093,-0.308,0.327,2.205,240.045,257.447,271.134,L,-137.9,158.7
E,499,PRO,70.53,52.721,5,17,8.0,14.0,-1.6,0.005,-0.142,0.219,1.722,243.548,257.905,272.565,T,-58.2,-28.1
E,500,THR,126.62,92.701,3,16,0.0,19.0,-0.7,0.489,0.091,1.063,1.569,243.825,254.111,272.861,T,-89.0,0.4
E,501,ASN,43.98,29.155,23,2,20.0,5.0,-3.5,-0.121,-0.258,0.053,2.095,242.88,253.407,269.235,S,-68.3,155.4
E,502,GLY,39.05,48.485,3,15,0.0,18.0,-0.4,0.041,-0.156,0.263,1.785,245.339,251.649,266.967,L,-69.5,164.5
E,503,VAL,114.96,76.979,2,20,6.0,16.0,4.2,0.151,-0.242,0.751,1.616,247.635,253.445,264.562,T,-57.6,-46.2
E,504,GLY,14.19,17.619,4,17,6.0,15.0,-0.4,-0.133,-0.274,0.074,1.897,245.47,252.449,261.611,T,-69.2,-10.3
E,505,TYR,115.28,54.069,10,17,7.0,20.0,-1.3,-0.045,-0.401,0.781,1.763,242.424,253.559,263.615,T,-113.3,-9.1
E,506,GLN,34.38,19.316,11,22,15.0,18.0,-3.5,-0.294,-0.468,0.053,2.86,243.69,256.815,265.121,S,-75.7,151.8
E,507,PRO,0.0,0.0,25,18,22.0,21.0,-1.6,-0.486,-0.519,-0.435,5.146,242.565,260.003,263.351,E,-65.5,150.0
E,508,TYR,32.04,15.027,20,20,20.0,20.0,-1.3,-0.422,-0.53,-0.142,3.587,244.621,261.512,260.546,E,-139.9,132.1
E,509,ARG,5.83,2.502,17,25,20.0,22.0,-4.0,-0.419,-0.494,-0.189,3.459,244.175,264.888,258.872,E,-91.3,131.8
E,510,VAL,0.0,0.0,21,22,23.0,20.0,4.2,-0.518,-0.531,-0.499,4.099,244.62,264.722,255.098,E,-124.6,137.0
E,511,VAL,0.0,0.0,19,24,19.0,24.0,4.2,-0.475,-0.503,-0.447,4.852,245.217,267.534,252.604,E,-128.8,140.9
E,512,VAL,0.0,0.0,19,21,18.0,22.0,4.2,-0.483,-0.501,-0.467,5.722,245.181,267.527,248.797,E,-120.1,118.4
E,513,LEU,3.76,2.114,16,21,16.0,21.0,3.8,-0.472,-0.493,-0.453,6.184,246.985,270.422,247.117,E,-109.1,107.2
E,514,SER,8.49,7.363,15,19,12.0,22.0,-0.8,-0.414,-0.462,-0.376,2.492,246.056,270.546,243.435,E,-111.6,135.6
E,515,PHE,9.25,4.604,19,16,19.0,16.0,2.8,-0.445,-0.487,-0.336,4.456,247.502,272.984,240.905,E,-111.9,127.3
E,516,GLU,43.47,25.343,10,18,7.0,21.0,-3.5,-0.223,-0.361,-0.053,2.108,245.563,273.92,237.766,E,-117.8,132.1
E,517,LEU,89.44,50.284,9,12,9.0,12.0,3.8,-0.05,-0.186,0.177,1.731,247.124,275.691,234.779,L,-132.4,109.1
E,518,LEU,118.97,66.886,4,9,1.0,12.0,3.8,0.372,0.047,0.737,1.731,244.867,276.553,231.834,L,-109.3,-172.0
E,519,HIS,212.96,117.703,0,9,0.0,9.0,-3.2,1.394,0.654,2.721,1.526,245.209,278.905,228.873,S,-79.0,53.5
E,520,ALA,54.36,50.69,9,3,1.0,11.0,1.8,0.394,0.219,0.667,1.529,244.792,281.774,231.345,S,-139.0,156.0
E,521,PRO,125.41,93.743,2,13,0.0,15.0,-1.6,0.632,0.007,1.452,1.522,247.218,284.023,233.234,L,-59.2,141.1
E,522,ALA,43.02,40.116,13,10,17.0,6.0,1.8,-0.076,-0.231,0.158,1.799,248.659,282.44,236.366,L,-90.8,118.3
E,523,THR,57.92,42.404,9,16,4.0,21.0,-0.7,-0.004,-0.17,0.302,1.586,248.014,284.69,239.36,L,-93.2,-0.7
E,524,VAL,0.85,0.569,19,11,17.0,13.0,4.2,-0.357,-0.441,-0.258,3.07,250.072,282.613,241.837,E,-125.0,135.8
E,525,CYS,50.43,38.361,6,22,11.0,17.0,2.5,-0.164,-0.269,0.047,1.71,253.83,282.081,241.747,E,-152.5,165.9
E,526,GLY,57.43,71.306,9,13,,,-0.4,-0.072,-0.18,0.263,1.599,256.698,281.402,244.114,L,-67.4,360.0
